﻿{"cameraMode":{"drawMode":0,"name":"Shaded","section":"Shading Mode"},"sceneLighting":true,"audioPlay":false,"sceneViewState":{"showFog":false,"showMaterialUpdate":false,"showSkybox":false,"showFlares":false,"showImageEffects":false,"showParticleSystems":false},"in2DMode":false,"pivot":{"x":2.6395695209503176,"y":4.108451843261719,"z":6.904176712036133},"rotation":{"x":-0.06943459063768387,"y":0.05652177333831787,"z":0.003945908509194851,"w":0.9960126280784607},"size":14.076780319213868,"orthographic":false}