﻿{"cameraMode":{"drawMode":0,"name":"Shaded","section":"Shading Mode"},"sceneLighting":false,"audioPlay":false,"sceneViewState":{"showFog":false,"showMaterialUpdate":false,"showSkybox":false,"showFlares":false,"showImageEffects":false,"showParticleSystems":true},"in2DMode":false,"pivot":{"x":-6.583595275878906,"y":0.2747863829135895,"z":4.819457054138184},"rotation":{"x":0.05880289897322655,"y":-0.31975293159484866,"z":0.019886627793312074,"w":0.9454654455184937},"size":2.5321717262268068,"orthographic":false}