﻿{"cameraMode":{"drawMode":0,"name":"Shaded","section":"Shading Mode"},"sceneLighting":true,"audioPlay":false,"sceneViewState":{"showFog":false,"showMaterialUpdate":false,"showSkybox":false,"showFlares":false,"showImageEffects":false,"showParticleSystems":false},"in2DMode":false,"pivot":{"x":-6.095067024230957,"y":1.7200000286102296,"z":-5.320045471191406},"rotation":{"x":0.04438452795147896,"y":-0.006307584699243307,"z":0.00027718255296349525,"w":0.9990062713623047},"size":22.0,"orthographic":false}