﻿{"cameraMode":{"drawMode":0,"name":"Shaded","section":"Shading Mode"},"sceneLighting":false,"audioPlay":false,"sceneViewState":{"showFog":false,"showMaterialUpdate":false,"showSkybox":false,"showFlares":false,"showImageEffects":false,"showParticleSystems":true},"in2DMode":false,"pivot":{"x":-3.0322494506835939,"y":0.37463292479515078,"z":3.1243879795074465},"rotation":{"x":0.05880289897322655,"y":-0.31975293159484866,"z":0.019886627793312074,"w":0.9454654455184937},"size":2.4761710166931154,"orthographic":false}